Target,Target Aliases,Therapeutic Area,Development Phase,Exclusive Partership,Pharmacodia ID,Launched Drugs
5HT2AR,"HTR2,5-HT2A",Cardiovascular,F0,No,19525820920680916914,0
ACE2,ACE2,Infectious Diseases,In vitro,No,1310451640410575009,0
ADAM15,"ADAM15,MDC15",Oncology,F0,No,,
ADAM8,"ADAM8,MS2,CD156",Oncology,F0,No,,
ADAM9,"ADAM9,MCMP",Oncology,F1(+/-),No,1310451640410575011,0
ADAMTS1,"ADAMTS1,C3-C5,METH1",Cardiovascular,F0,No,,
ADAMTS4,"ADAMTS4,ADMP-1,ADAMTS-2",Orthopaedic Disorders,F1(+/-),No,,
ADIPOQ,"ADIPOQ,ACDC,APM1",Inflammation and Autoimmunity,F0,No,,
ADIPOR1,ADIPOR1,Metabolism,F0,No,75961979824188916250,0
ADORA2A,"A2aR,RDC8,ADORA2",Oncology,F1(+/-),No,88162081516013916957,20
AFP,"AFP,FETA,HPAFP",Oncology,F0,No,95697457469445916103,0
AGR-2,"AGR-2,GOB-4,HAG-2","Oncology,Inflammation and Autoimmunity",F0,No,,
ALB,ALB,"Oncology,Inflammation and Autoimmunity",F2(-/-),No,47253517339812916971,15
ALK,"ALK,CD246,NBLST3",Oncology,F0,No,40796544885929916353,7
AMHR2,"AMHR,MRII,AMHR2",Oncology,Immunization,No,90521562439189916730,0
ANGPTL4,"ANGPTL4,NL2,ARP4","Oncology,Metabolism",F1(+/-),No,,
ANTXR1,"ANTXR1,TEM8",Oncology,Immunization,No,1310451640410575013,0
ANXA1,"ANXA1,ANX1,LPC1","Inflammation and Autoimmunity,Neuroscience,Infectious Diseases,Cardiovascular,Reproductive System Diseases",F1(+/-),No,,
ANXA2,"ANXA2,LIP2,CAL1H",Oncology,F1(+/-),No,,
APLN,"APLN,APEL,XNPEP2","Oncology,Ophthalmology",F1(+/-),No,,
APLP2,"APPH, APPL2, CDEBP, APLP-2","Oncology,Neuroscience",F1(+/-),No,,
APOA2,"APOA2,apoAII,Apo-AII",Inflammation and Autoimmunity,F1(+/-),No,,
APP,"APP,PN2,CTFgamma","Neuroscience,Others,Ophthalmology,Inflammation and Autoimmunity,Oncology,Cardiovascular,Metabolism,Infectious Diseases",F1(+/-),No,72592263388112916297,8
APRIL,"APRIL,CD256,TALL2","Oncology,Urological Diseases,Inflammation and Autoimmunity",F0,No,95062444234141916540,0
AREG,"AREG,SDGF,AREGB",Oncology,F1(+/-),No,,
ARTN,"ARTN,NBN,ENOVIN",Oncology,F1(+/-),No,,
ASCT2,"ASCT2,ATBO,M7VS1",Oncology,F1(+/-),No,,
AXL,"AXL,UFO, JTK11",Oncology,F0,No,78230464363844916301,2
B2M,IMD43,Oncology,F0,No,18965306598960916412,0
B7-H3,B7-H3,Oncology,In vitro,Yes,55851758659778916469,0
B7-H4,"B7-H4,VTCN1",Oncology,Antibody screening,No,83289583030144916336,0
BAFF,"BAFF,CD257,TNFSF20","Oncology,Inflammation and Autoimmunity",F0,No,37537348212294916131,1
BAFFR,"BAFFR,CD268,CVID4","Oncology,Inflammation and Autoimmunity,Infectious Diseases,Cardiovascular",F0,No,79985221955958916466,0
BAMBI,"BAMBI,NMA",Inflammation and Autoimmunity,F1(+/-),No,,
BSPII,"BSP,BNSP,BSPII",Oncology,F1(+/-),No,,
BST1,"BST1,CD157",Oncology,F1(+/-),No,27390104502654916155,0
BST2,"BST2,CD317,TETHERIN",Oncology,F1(+/-),No,,
BTLA,BTLA,Oncology,Immunization,No,18364549454371916638,0
C1S,C1S,Inflammation and Autoimmunity,F2(-/-),No,31670478083301916703,0
C3,"C3,ASP,C3a",Others,F0,No,59274403593916916953,0
C5a,"C5a,C5b,ECLZB","Inflammation and Autoimmunity,Infectious Diseases",F0,No,86849750309301916508,2
C5AR1,"C5AR,CD88,C5AR1","Oncology,Inflammation and Autoimmunity",F2(-/-),No,01784957511375916667,0
CACFD1,"CACFD1,C9orf7,FLOWER",Oncology,F1(+/-),No,,
CACNA2D1,"CACNA2D1,CCHL2A",Oncology,F0,No,54723516511603916859,3
CAIX,"CAIX,CA9,G250",Oncology,F2(-/-),No,01244370588848916952,0
CAV1,"CAV1,CGL3,PPH3",Oncology,F0,No,,
CAXII,"CAXII,CA-XII,T18816",Oncology,F1(+/-),No,,
CB1,CB1,Metabolism,In vitro,No,27555996035783916271,2
CB2,"CB2,CNR2","Oncology,Inflammation and Autoimmunity",F2(-/-),No,56275489835055916966,0
CCL2,CCL2,"Oncology,Inflammation and Autoimmunity",Antibody screening,No,40907795751650916158,0
CCL20,"CCL20,CKb4,LARC","Inflammation and Autoimmunity,Oncology,Gastrointestinal",F0,No,93911308973648916672,0
CCL24,"CCL24,Ckb-6,MPIF2","Inflammation and Autoimmunity,Metabolism,Infectious Diseases",F1(+/-),No,61993767105069916816,0
CCL5,"CCL5,SCYA5,RANTES",Inflammation and Autoimmunity,F1(+/-),No,08111791541898916898,0
CCR2,CCR2,"Oncology,Inflammation and Autoimmunity",Antibody screening,No,73396102262160916988,0
CCR4,CCR4,Oncology,In vitro,No,61872389720407916814,1
CCR5,"CKR5,CD195,CCR5","Infectious Diseases,Inflammation and Autoimmunity",F0,No,65098110261631916202,1
CCR6,"CCR6,CD196,CKR-L3","Oncology,Inflammation and Autoimmunity",Antibody screening,No,1310451640410575015,0
CCR7,"CCR7,CD197",Oncology,F1(+/-),No,1310451640410575017,0
CCR8,"CCR8,CKRL1,CMKBR8",Oncology,Antibody screening,Yes,,
CCR9,"CCR9,GPR28,CC-CKR-9",Oncology,F1(+/-),No,30830199674784916418,0
CD106,"CD106,VCAM1","Oncology,Inflammation and Autoimmunity,Cardiovascular",F1(+/-),No,31149628631465916880,1
CD133,"CD133,RP41,AC133",Oncology,F0,No,03258932679204916690,0
CD138,"SDC, CD138, SYND1",Oncology,F0,No,55701079333590916422,0
CD14,CD14,"Infectious Diseases,Inflammation and Autoimmunity",F2(-/-),No,11940843243062916501,0
CD15,"CD15,FCT3A,FUTIV","Oncology,Inflammation and Autoimmunity",F1(+/-),No,,
CD151,"CD151,GP27,TSPAN24",Oncology,F1(+/-),No,,
CD155,"CD155,PVR",Oncology,F2(-/-),No,24325121418960916159,0
CD160,"CD160,NK1,BY55,NK28","Oncology,Ophthalmology,Reproductive System Diseases",F0,No,,
CD166,"MEMD,CD166","Oncology,Inflammation and Autoimmunity",F1(+/-),No,15286608559227916659,0
CD16A,"FCGR3A,CD16A",Oncology,In vitro,Yes,57697900903708916935,0
CD18,"CD18,MFI7,LCAMB",Oncology,F1(+/-),No,08161605990734916246,0
CD19,"CD19,B4,CVID3","Oncology,Inflammation and Autoimmunity",F0,No,08658265338578916276,6
CD2,CD2,"Oncology,Inflammation and Autoimmunity",F2(-/-),No,76123926390403916981,1
CD20,"CD20,CVID5,LEU-16","Oncology,Inflammation and Autoimmunity",F2(-/-),No,69167746170650916458,24
CD200,"CD200,MRC,MOX1","Oncology,Inflammation and Autoimmunity,Infectious Diseases,Others",F1(+/-),No,77537355125232916510,0
CD200R,"OX2R,MOX2R,CD200R",Inflammation and Autoimmunity,F0,No,1310451640410574903,0
CD205,"CD205,LY-75,CLEC13B","Infectious Diseases,Oncology,Inflammation and Autoimmunity,Reproductive System Diseases",F0,No,15704883039394916560,0
CD22,"CD22,SIGLEC-2","Oncology,Inflammation and Autoimmunity",Immunization,No,86360205749459916687,2
CD226,CD226,Oncology,F2(-/-),No,1310451640410575019,0
CD23,"CD23,FCE2","Oncology,Inflammation and Autoimmunity",F0,No,15892773237899916950,0
CD24,CD24,Oncology,In vitro,Yes,1310451640410575021,0
CD26,"CD26,ADABP,ADCP2","Oncology,Inflammation and Autoimmunity",Antibody screening,No,15563742598470916601,29
CD27,"CD27,TNFRSF7,Tp55","Oncology,Inflammation and Autoimmunity",F1(+/-),No,55655070459597916180,0
CD30,"CD30,D1S166E, Ki-1",Oncology,F2(-/-),No,65910194357446916947,1
CD300a,"CD300a,IRC1,CMRF35H",Inflammation and Autoimmunity,F1(+/-),No,,
CD300LF,"CD300LF,CLM1,NKIR",Oncology,F1(+/-),No,,
CD30L,"CD153,CD30L,TNLG3A","Inflammation and Autoimmunity,Oncology",F0,No,1318732779642429471,0
CD31,"CD31,PECA1,PECAM-1",Others,F1(+/-),No,,
CD33,"CD33,SIGLEC-3",Oncology,F2(-/-),No,68819975007252916926,1
CD34,"CD34,","Ophthalmology,Oncology",F1(+/-),No,90674808599703916342,0
CD36,"CD36,FAT,GP3B","Oncology,Cardiovascular",F1(+/-),No,1310451640410575326,0
CD37,"CD37,GP52-40,TSPAN26",Oncology,F1(+/-),No,02601101396589916393,0
CD38,CD38,Oncology,F1(+/-),No,25217404131691916667,3
CD39,"CD39,ENTPD1",Oncology,F2(-/-),No,07272802723843916997,0
CD43,"LSN,CD43,GALGP",Oncology,F1(+/-),No,,
CD44,CD44,Oncology,F2(-/-),No,19367787448993916585,0
CD45RB,"CD45,B220,Ly-5","Oncology,Inflammation and Autoimmunity",F0,No,57885634250413916586,0
CD46,"CD46,MCP,TLX",Oncology,F1(+/-),No,66828665893569916636,0
CD47,CD47,Oncology,In vitro,No,75968780273393916709,0
CD48,"CD48,BCM1,BLAST","Inflammation and Autoimmunity,Oncology,Gastrointestinal",F1(+/-),No,31604609394284916839,0
CD49a,"VLA1, CD49a","Inflammation and Autoimmunity,Metabolism,Cardiovascular",F1(+/-),No,,
CD49b,"CD49b,HPA-5,VLA-2","Inflammation and Autoimmunity,Cardiovascular,Oncology,Others",F1(+/-),No,41769138261362916519,0
CD5,"CD5,T1,LEU1","Oncology,Inflammation and Autoimmunity,Metabolism,Others",F1(+/-),No,09763255448265916139,0
CD52,"CD52,HE5,EDDM5","Oncology,Inflammation and Autoimmunity",F1(+/-),No,31236955043971916769,1
CD54,"BB2,CD54,P3.58","Oncology,Inflammation and Autoimmunity",F1(+/-),No,66894713897960916329,1
CD56,CD56,"Oncology,Inflammation and Autoimmunity",F0,No,65508508795958916649,0
CD5L,"CD5L,AIM,PRO229",Oncology,F0,No,,
CD6,"CD6,TP120","Oncology,Inflammation and Autoimmunity,Metabolism",F1(+/-),No,85032835843070916379,1
CD61,"CD61,GPIIIa,ITGB3",Oncology,F1(+/-),No,1310451640410575024,0
CD62E,"ELAM,CD62E,SELE",Inflammation and Autoimmunity,F0,No,87246012261747916148,0
CD62L,"CD62L,TQ1,LAM1","Inflammation and Autoimmunity,Others,Oncology",F0,No,20761358688836916797,0
CD62P,"CD62P,GRMP,SELP","Inflammation and Autoimmunity,Cardiovascular",F0,No,97240823256319916544,1
CD63,"CD63,MLA1,TSPAN30","Oncology,Inflammation and Autoimmunity",F1(+/-),No,,
CD68,"CD68,GP110,LAMP4",Oncology,F0,No,,
CD69,"CD69,MLR-3,CLEC2C",Oncology,F0,No,,
CD7,"CD7,GP40,TP41","Oncology,Infectious Diseases",F1(+/-),No,81011440780449916714,0
CD70,"CD27L,TNFSF7,CD70","Oncology,Inflammation and Autoimmunity",F2(-/-),No,68977677421825916266,0
CD73,CD73,Oncology,In vivo efficacy,No,00130394742121916446,0
CD74,"CD74,p33, DHLAG, HLADG","Oncology,Inflammation and Autoimmunity",F1(+/-),No,89264038391022916327,0
CD79b,"CD79b,AGM6,B29","Oncology,Inflammation and Autoimmunity",F2(-/-),No,84967672751457916932,1
CD80,"CD80,B7-1,CD28LG","Oncology,Inflammation and Autoimmunity",F1(+/-),No,43796496802684916248,2
CD81,"CD81,TAPA1,TSPAN28","Oncology,Infectious Diseases,Inflammation and Autoimmunity",F1(+/-),No,,
CD83,"CD83,BL11,HB15","Inflammation and Autoimmunity,Oncology",F1(+/-),No,,
CD9,"CD9,MIC3,MRP-1",Oncology,F0,No,1316252729571549333,0
CD96,CD96,Oncology,In vivo efficacy,No,1310451640410575026,0
CDCP1,"CDCP1,CD318,TRASK",Oncology,F1(+/-),No,,
CDH17,"CDH17,HPT1",Oncology,F1(+/-),No,1310451640410575028,0
CDH3,"CDH3,CDH15,CADH3",Oncology,F2(-/-),No,95610343298992916513,0
CFB,"CFB,PBF2,AHUS4","Inflammation and Autoimmunity,Ophthalmology,Infectious Diseases,Others,Urological Diseases,Cardiovascular",F1(+/-),No,44317419277371916393,0
CFD,"CFD,DF,ADIPSIN","Ophthalmology,Inflammation and Autoimmunity,Urological Diseases,Cardiovascular",F1(+/-),No,55612089999068916443,0
CFI,"CFI,AHUS3,C3BINA","Inflammation and Autoimmunity,Neuroscience",F1(+/-),No,,
CGRP,"CGRP,CALC1,CGRP1","Neuroscience,Metabolism",F0,No,1310451640410575058,0
CHODL,"CHODL,MT75,PRED12",Oncology,F0,No,13564115619516916892,0
Claudin 18.2,Claudin 18.2,Oncology,In vitro,No,08048810814188916426,0
CLDN3,"CLDN3,RVP1,CPETR2",Oncology,F1(+/-),No,,
CLDN4,"CLDN4,CPER,WBSCR8",Oncology,F1(+/-),No,,
CLEC12A,"CLL1,CD371,CLEC12A",Oncology,Immunization,Yes,91619997677283916180,0
CLEC14A,"CEG1, EGFR-5, C14orf27","Oncology,Ophthalmology,Neuroscience,Inflammation and Autoimmunity,Metabolism",F0,No,,
CLEC9A,"CLEC9A,CD370, DNGR1",Oncology,F1(+/-),No,,
CLU,"CLU,APOJ,SGP2",Oncology,F0,No,92936647445121916406,0
CMKLR1,"CMKLR1,",Inflammation and Autoimmunity,F1(+/-),No,02182427203042916418,0
CNGB1,"CNGB1,GARP2",Ophthalmology,F1(+/-),No,1328506731923252012,0
CRCP,"CRCP,CGRPRCP",Neuroscience,F0,No,,
CRIg,"CRIg,CRIg,Z39IG","Others,Infectious Diseases",F0,No,,
CRTAM,"CRTAM,CD355",Oncology,F1(+/-),No,,
CRTH2,"CRTH2,PTGDR2",Inflammation and Autoimmunity,Antibody screening,No,92929137379010916612,0
CSF2RA,"CSF2RA,CD116,CSF2R",Inflammation and Autoimmunity,F1(+/-),No,1328506731923251929,0
CX3CL1,"CX3CL1,CXC3C",Inflammation and Autoimmunity,F2(-/-),No,00430643659703916543,0
CX3CR1,"CX3CR1,GPR13,CMKDR1",Cardiovascular,F2(-/-),No,31578053968180916274,0
CXCL10,"CXCL10,IFI10,INP10",Inflammation and Autoimmunity,F1(+/-),No,40159407503969916221,0
CXCL13,"CXCL13,BLC,ANGIE","Oncology,Inflammation and Autoimmunity,Infectious Diseases",F1(+/-),No,,
CXCL4,"CXCL4,PF-4,CXCL4","Oncology,Others",F1(+/-),No,,
CXCR2,"CD182,IL8RB,CXCR2","Oncology,Inflammation and Autoimmunity",F2(-/-),No,96193414205365916874,0
CXCR3,"CD182,CD183,CXCR3","Oncology,Inflammation and Autoimmunity",Antibody screening,No,64973103667172916313,0
CXCR5,"BLR1,CD185,CXCR5","Oncology,Inflammation and Autoimmunity",Immunization,No,17756226822117916860,0
CXCR6,"CXCR6,CD186,STRL33",Inflammation and Autoimmunity,F0,No,,
DDR1,DDR1,"Oncology,Cardiovascular",F0,No,1345983138974662830,0
DKK2,DKK-2,Oncology,F1(+/-),No,,
DR5,"DR5,CD262,TNFRSF10B",Oncology,F1(+/-),No,38804715200151916797,0
DR6,"DR6, CD358, BM-018",Inflammation and Autoimmunity,F1(+/-),No,77045814622244916138,0
EDA1,"EDA1,HED,TNLG7C","Reproductive System Diseases,Oncology,Urological Diseases,Inflammation and Autoimmunity",F0,No,,
EFEMP1,"EFEMP1,DHRD,MLVT",Oncology,F1(+/-),No,,
EFNA3,"EFNA3,EFL2,EPLG3",Oncology,F0,No,,
EGFL6,"W80, MAEG",Oncology,F0,No,,
EMP2,"EMP2,XMP",Oncology,F0,No,,
ENTPD2,"ENTPD2,",Oncology,F1(+/-),No,,
EPHA2,"EPHA2,ECK,CTRCT6",Oncology,F1(+/-),No,09703215307519916974,2
EPHA3,"EPHA3,EK4,TYRO4",Oncology,F0,No,23781858800383916625,0
EPHA5,"EPHA5,EK7,TYRO4",Oncology,F1(+/-),No,,
EPHB2,"EPHB2,DRT,EK5",Oncology,F1(+/-),No,,
EREG,"EREG,ER,Ep,EPR","Oncology,Urological Diseases,Metabolism",F1(+/-),No,27848295371568916331,0
EVA-1,EVA-1,Oncology,F0,No,,
FAP,FAP,Oncology,Antibody screening,No,46816161531326916133,0
FCGR1,CD64,"Oncology,Inflammation and Autoimmunity",Immunization,No,93074488256362916590,0
FCRL5,"FCRL5,CD307,IRTA2",Oncology,F0,No,1306110757150130278,0
FcRn,"FcRn,FCGRT",Inflammation and Autoimmunity,F1(+/-),No,74162531070476916983,0
FFAR1,"FFA1R, GPCR40, GPR40",Metabolism,F0,No,51954379428262916870,0
FGF2,"FGF2,BFGF,FGFB",Oncology,F0,No,14298893426153916280,2
FGF21,FGF21,Metabolism,F1(+/-),No,34575248282844916742,0
FGFR4,"FGFR4, JTK2,CD334",Oncology,F1(+/-),No,56200896022390916811,2
FGL-1,FGL-1,Oncology,F2(-/-),No,1310451640410575030,0
FLT3,"FLT3,FLK2,CD135","Oncology,Inflammation and Autoimmunity",F2(-/-),No,73668506199811916254,10
FZD10,"FZD10,Fz10,CD350",Oncology,F1(+/-),No,41931322576240916462,0
FZD4,"FZD4,Fz4,EVR1",Oncology,F0,No,,
Gal,"Gal,ETL8,GALN",Inflammation and Autoimmunity,F0,No,,
GAL1,"GAL1,GBP,GAL1","Oncology,Others",F1(+/-),No,45253600802508916253,0
GARP,"GARP,LRRC32","Oncology,Inflammation and Autoimmunity",F1(+/-),Yes,03698177911445916578,0
GAS6,"GAS6,AXSF,AXLLG","Oncology,Urological Diseases",F1(+/-),No,38190059166070916730,0
GAST,"GAST,GAS","Oncology,Others",F1(+/-),No,37125347824900916309,0
GCGR,GCGR,Metabolism,In vitro,No,30266526516741916336,5
G-CSFR,G-CSFR,"Inflammation and Autoimmunity,Oncology,Others,Cardiovascular",F0,No,82657388042681916136,96
GDF15,"GDF15,PDF,MIC1","Oncology,Others",F1(+/-),No,54646920064862916489,0
GFRA3,"GFRA3,GDNFR3","Oncology,Others",F0,No,06737525847430916949,0
GHR,"GHR,GHBP,GHIP","Metabolism,Oncology,Inflammation and Autoimmunity,Infectious Diseases",F0,No,48043772932177916620,0
GITR,GITR,Oncology,F1(+/-),No,23250019070616916796,0
GITRL,"GITRL,TL6,AITRL",Metabolism,F0,No,,
GLP1R,"GLP1R,GLP-1",Metabolism,F1(+/-),No,03801258456684916217,12
GM-CSF,"GM-CSF,CSF2","Oncology,Inflammation and Autoimmunity",F0,No,82280785182307916413,0
GP100,"GP100,SIL,ME20",Oncology,F1(+/-),No,12713442303282916135,0
GP1BB,"GP1BB,BS,CD42C","Oncology,Others",F1(+/-),No,07397251683454916479,0
GP6,"GPIV, GPVI, BDPLT11","Cardiovascular,Oncology,Others",F0,No,69027844122285916667,0
GPA,"GPA,PAS-2,CD235a",Cardiovascular,F1(+/-),No,,
GPA33,GPA33,Oncology,F1(+/-),No,63536745839153916590,0
GPC-1,GPC-1,Oncology,F0,No,91035999751416916187,0
GPC3,"GPC3,OCI-5,GTR2-2",Oncology,F0,No,30973073884855916687,0
GPR77,"GPR77,C5AR2",Oncology,F2(-/-),No,1310451640410575032,0
GPR84,"GPR84,EX33,GPCR4",Inflammation and Autoimmunity,F1(+/-),No,37972375419378916562,0
GPRC5D,GPRC5D,Oncology,F2(-/-),No,22424155011510916836,0
GRP,"GRP,GRP-10,proGRP","Oncology,Infectious Diseases",F0,No,68469461003699916334,0
GUCY2C,"GUCY2C,STAR,MECIL",Oncology,F0,No,55819445450384916845,1
HGFA,"HGFA,HGFA","Oncology,Inflammation and Autoimmunity,Others",F1(+/-),No,,
HPN,"HPN,TMPRSS1",Oncology,F1(+/-),No,19345387793593916461,0
ICOS,"ICOS,CD278",Oncology,F2(-/-),No,18985413768736916312,0
IFNAR1,"IFNAR1,AVP,IFNBR","Inflammation and Autoimmunity,Urological Diseases",F0,No,29829875523264916973,4
IFNB1,"IFNB1,IFNB,IFN-beta",Inflammation and Autoimmunity,F0,No,43924804952673916842,3
IFNG,"IFNG,IFG,IFI","Inflammation and Autoimmunity,Infectious Diseases",F2(-/-),No,15561814756739916782,5
IGFBP-3R,IGFBP-3R,Oncology,F1(+/-),No,,
IL10,IL-10,"Oncology,Inflammation and Autoimmunity",Immunization,No,71351630127021916862,0
IL10RA,IL-10RA,Inflammation and Autoimmunity,F0,No,1310451640410575034,0
IL11,IL11,"Oncology,Infectious Diseases",F1(+/-),No,1310451640410575060,0
IL11RA,"IL11RA,CRSDA","Oncology,Infectious Diseases",F0,No,19685317757960916760,9
IL12,IL12,"Inflammation and Autoimmunity,Neuroscience",F0,No,,
IL12B,"IL12B,CLMF,NKSF",Inflammation and Autoimmunity,F2(-/-),No,87453896485585916299,0
IL12RB1,"IL12RB1,CD212",Inflammation and Autoimmunity,F1(+/-),No,,
IL13,IL13,Inflammation and Autoimmunity,F2(-/-),No,96693969738336916784,0
IL13RA1,IL13RA1,"Oncology,Inflammation and Autoimmunity",F1(+/-),No,1310451640410574949,0
IL13RA2,"IL13RA2,IL-13R,IL13BP",Inflammation and Autoimmunity,F0,No,01579470033279916559,0
IL15,IL15,"Oncology,Inflammation and Autoimmunity",F0,No,57822612170208916231,0
IL17A,"IL17A,CTLA-8",Inflammation and Autoimmunity,F2(-/-),No,44464211505840916206,3
IL17B,IL17B,Oncology,F1(+/-),No,,
IL17F,IL17F,Inflammation and Autoimmunity,F2(-/-),No,31828099555148916285,0
IL17RA,IL-17RA,Inflammation and Autoimmunity,F1(+/-),No,88942008418766916988,1
IL17RB,"IL17RB,CRL4,EVI27","Oncology,Inflammation and Autoimmunity",F1(+/-),No,,
IL18,"IL18,IL1F4,IGIF",Inflammation and Autoimmunity,F1(+/-),No,97865375327357916545,0
IL18BP,"IL18BP,FVHa","Oncology,Inflammation and Autoimmunity",F1(+/-),No,1310451640410575062,0
IL18RA,"IL18RA,CD218a","Oncology,Inflammation and Autoimmunity",F0,No,1310451640410575064,0
IL18RAP,"IL18RAP,IL18RB","Oncology,Inflammation and Autoimmunity",F1(+/-),No,,
IL1A,IL-1a,"Oncology,Inflammation and Autoimmunity",Immunization,No,08446898862424916684,1
IL1B,IL-1b,"Oncology,Inflammation and Autoimmunity",F2(-/-),No,63602013038599916337,5
IL1R,"IL-1R1,IL1Ra,CD121a","Oncology,Inflammation and Autoimmunity",F0,No,55328561551078916213,2
IL-1R2,IL-1R2,Oncology,F0,No,,
IL1RAP,"IL-1RAP,IL1RAP,IL1R3","Oncology,Inflammation and Autoimmunity",F2(-/-),No,1310451640410575036,0
IL20,"IL-20,IL10D,ZCYTO10",Inflammation and Autoimmunity,F1(+/-),No,90544556903243916298,0
IL20R1,"IL20R1,CRF2-8,IL-20R1","Oncology,Gastrointestinal",F1(+/-),No,,
IL21,IL21,Inflammation and Autoimmunity,Antibody screening,No,04681502849961916923,0
IL21R,"IL21R,NILR,CD360",Inflammation and Autoimmunity,F2(-/-),No,47482556424049916274,0
IL22,"IL-22,ILTIF,IL-D110","Oncology,Inflammation and Autoimmunity",F2(-/-),No,44976656254571916243,0
IL22RA,"IL22RA1,CRF2-9,IL22R",Inflammation and Autoimmunity,F1(+/-),No,1310451640410575066,0
IL23A,"IL23,IL-23A,IL23P19",Inflammation and Autoimmunity,F1(+/-),No,33192063159190916307,1
IL23R,IL-23R,Inflammation and Autoimmunity,F2(-/-),Yes,54604055145346916427,1
IL25,"IL17E,IL25",Inflammation and Autoimmunity,F2(-/-),No,1310451640410575038,0
IL27,IL27,Oncology,F1(+/-),No,72487432709784916718,0
IL27R,IL27R,Inflammation and Autoimmunity,F0,No,,
IL2RA,"p55,CD25,IL2R,","Oncology,Inflammation and Autoimmunity",F1(+/-),No,91020535233631916244,4
IL2RB,CD122,"Oncology,Inflammation and Autoimmunity",Immunization,No,82849458975896916632,0
IL3,IL3,"Inflammation and Autoimmunity,Others",F1(+/-),No,08840337181487916474,0
IL31,IL31,Inflammation and Autoimmunity,Immunization,No,1310451640410575068,0
IL31RA,IL31RA,Inflammation and Autoimmunity,F2(-/-),No,1310451640410575040,0
IL33,IL33,Inflammation and Autoimmunity,F2(-/-),No,17049336557942916698,0
IL34,"IL34,IL-34,C16orf77","Oncology,Inflammation and Autoimmunity,Others",F1(+/-),No,,
IL36R,"IL-36R,IL1RL2",Inflammation and Autoimmunity,F2(-/-),No,69953000040696916967,0
IL3RA,"IL3RA,IL3R,CD123","Oncology,Others,Inflammation and Autoimmunity",F1(+/-),No,83545398982601916199,1
IL4,IL4,Inflammation and Autoimmunity,F1(+/-),No,42983332049452916554,0
IL4RA,"IL4RA,IL4R",Inflammation and Autoimmunity,In vitro,No,05191137118987916544,1
IL5,IL5,Inflammation and Autoimmunity,F1(+/-),No,29461854685250916363,2
IL5R,"IL5R,CD125",Inflammation and Autoimmunity,F1(+/-),No,02158733726351916942,1
IL6,"IL-6,BSF-2,IFNB2","Oncology,Inflammation and Autoimmunity",F2(-/-),No,34841917747295916806,5
IL6R,IL-6RA,Inflammation and Autoimmunity,F0,No,21598965952541916934,3
IL7RA,IL7RA,"Inflammation and Autoimmunity,Oncology,Metabolism",F0,No,43797324723715916953,0
IL9,IL9,"Infectious Diseases,Inflammation and Autoimmunity,Oncology",F1(+/-),No,76518613518206916854,0
ILDR2,"ILDR2,C1orf32,dJ782G3.1",Oncology,F0,No,81250318573104916378,0
ITGA7,ITGA7,Oncology,F1(+/-),No,,
ITGAL,"ITGAL,CD11A,LFA-1",Inflammation and Autoimmunity,F1(+/-),No,26974522861770916621,2
ITGB6,"ITGB6,AI1H","Oncology,Inflammation and Autoimmunity",Immunization,No,1310451640410575042,0
ITGB7,ITGB7,Inflammation and Autoimmunity,F1(+/-),No,1310451640410575070,0
JAM-A,JAM-A,"Oncology,Cardiovascular",F0,No,,
KCNA3,"KCNA3,HGK5,PCN3",Inflammation and Autoimmunity,F1(+/-),No,35534835410254916311,0
KLKB1,"KLKB1,PKK,KLK3","Inflammation and Autoimmunity,Others,Cardiovascular,Orthopaedic Disorders,Infectious Diseases,Metabolism",F1(+/-),No,36396781272719916198,0
KREMEN2,"KREMEN2,KRM2",Oncology,F1(+/-),No,,
L1CAM,"L1CAM,SPG1,CD171",Oncology,F0,No,1310451640410575044,0
LAG-3,LAG-3,Oncology,F2(-/-),No,13590665151072916995,0
LAMA4,"LAMA4,LAMA3,CMD1JJ",Oncology,F1(+/-),No,,
LEPR,"LEPR,OBR,CD295","Metabolism,Infectious Diseases,Neuroscience",F0,No,01419095333417916110,0
LGALS3,"LGALS3,L31,GAL3",Oncology,F0,No,29395335620494916980,0
LGALS3BP,"LGALS3BP,M2BP,gp90",Oncology,F0,No,,
LGALS9,"LGALS9,HUAT,LGALS9A","Oncology,Infectious Diseases",F0,No,,
LGMN,"LGMN,AEP,LGMN1",Oncology,F0,No,,
LGR6,"LGR6,GPCR,VTS20631",Oncology,F1(+/-),No,,
LIF,"CDF, DIA, HILDA, MLPLI",Oncology,F0,No,77985483390350916833,0
LIGHT,"LIGHT,CD258,HVEML",Inflammation and Autoimmunity,F1(+/-),No,31645456493265916792,0
LIGHTR,LIGHTR,Inflammation and Autoimmunity,F0,No,,
LINGO-1,LINGO-1,"Neuroscience,Inflammation and Autoimmunity,Ophthalmology",F0,No,55964799397868916279,0
LIV-1,LIV-1,Oncology,F0,No,25984551399914916903,0
LRIG1,LRIG1,Oncology,F0,No,,
LRP5,"LRP5,HBM,LR3","Oncology,Ophthalmology",F0,No,,
LRRC15,"LRRC15,LIB",Oncology,F0,No,00286026827920916430,0
LRRC33,"LRRC33,NRROS",Oncology,F1(+/-),No,,
LRRN1,"LRRN1,NLRR-1,FIGLER3",Oncology,F1(+/-),No,,
LYPD3,LYPD3,Oncology,F1(+/-),No,22845727579676916919,0
MADCAM1,MADCAM1,Inflammation and Autoimmunity,F1(+/-),No,66836462839454916145,0
MARCO,"MARCO,SR-A6,SCARA2",Oncology,F0,No,,
MASP2,"MASP2,sMAP,MAP19","Others,Ophthalmology,Cardiovascular,Metabolism,Urological Diseases",F1(+/-),Yes,55206430756717916218,0
MBP,MBP,Inflammation and Autoimmunity,F0,No,75238998091461916872,0
M-CSF,M-CSF,"Oncology,Inflammation and Autoimmunity",F0,No,09238649229821916117,0
MCSP,"MCSP,NG2,MCSP",Oncology,F1(+/-),No,1310451640410575048,0
MDK,"MDK,ARAP,NEGF2","Oncology,Inflammation and Autoimmunity",F2(-/-),No,02011191198432916912,0
MDR-1,"ABCB1,CD243,GP170",Oncology,F1(+/-),No,77042272957146916606,6
MERTK,"MER,RP38,MERTK","Oncology,Inflammation and Autoimmunity",F0,No,88621787568658916316,0
MFGE8,"MFGE8,BA46,HMFG,","Oncology,Neuroscience,Ophthalmology",F1(+/-),No,,
MIF,"MIF,GIF, GLIF","Oncology,Inflammation and Autoimmunity",F2(-/-),No,30751819539021916561,1
MLC,"MLC,LVM,MLC","Cardiovascular,Oncology",F0,No,,
MMP-2,MMP-2,Inflammation and Autoimmunity,F0,No,84170532869546916423,1
MMP-9,MMP-9,"Oncology,Inflammation and Autoimmunity,Infectious Diseases,Others",F0,No,21637559468862916238,1
MRP14,"MRP14,P14,CAGB",Metabolism,F1(+/-),No,29257467672100916785,0
MSLN,"MSLN,CAK1,MPF",Oncology,Antibody screening,No,41162214347632916358,0
MUC1,"MUC1,CD227,EMA",Oncology,Antibody screening,Yes,22899326610400916253,0
MUC16,"MUC-16,CA-125",Oncology,F1(+/-),No,30557258460640916196,0
MUC18,MUC18,"Oncology,Inflammation and Autoimmunity,Neuroscience,Ophthalmology",F0,No,44341300980003916941,0
Nectin-4,"Nectin-4,NECTIN4",Oncology,F1(+/-),No,46764371590695916252,1
NKG2A,"KLRC1, NKG2A",Oncology,Immunization,No,90536468979644916581,0
NKG2D,"NKG2D,KLRK1",Oncology,F2(-/-),No,1310451640410574919,0
NKp46,"NKp46,NCR1",Oncology,F2(-/-),No,1310451640410575050,0
Notch3,Notch3,Oncology,F0,No,38921526126169916746,0
Notch4,"Notch4,INT3","Oncology,Inflammation and Autoimmunity",F0,No,,
NPY,PYY4,Others,F0,No,,
NTB-A,NTB-A,Oncology,F0,No,01504022829543916685,0
OLFML3,"OLFML3,OLF44,HNOEL-iso",Oncology,F1(+/-),No,,
OSCAR,"OSCAR,PIGR3, PIgR-3",Inflammation and Autoimmunity,F1(+/-),No,,
OSM,OSM,Inflammation and Autoimmunity,F1(+/-),No,78680331462859916290,0
OSMR,"OSMR,IL-31R-beta","Oncology,Inflammation and Autoimmunity",F1(+/-),No,,
OX40,"OX40,CD134,TNFRSF4",Oncology,F2(-/-),No,39967709229869916242,0
OX40L,OX40L,"Inflammation and Autoimmunity,Oncology,Metabolism,Cardiovascular",F2(-/-),No,04169750574622916879,0
P2X7,P2X7,Oncology,F0,No,87808894260546916465,0
PAR2,"PAR2, GPR11","Others,Inflammation and Autoimmunity,Neuroscience,Oncology,Metabolism",F0,No,16075739412450916543,0
PCSK9,PCSK9,"Metabolism,Cardiovascular,Oncology",F1(+/-),No,12733715526825916728,2
PD-1,PD1,Oncology,In vivo efficacy,No,61032525534389916396,8
PD-L1,PD-L1,Oncology,Immunization,No,38111845132564916747,3
PD-L2,"PD-L2,CD273,PDCD1LG2",Oncology,F2(-/-),No,1310451640410575052,0
PGF,PGF,"Oncology,Inflammation and Autoimmunity",F0,No,23645542959569916341,2
PGLYRP1,"PGLYRP1,PGRPS,TNFSF3L",Inflammation and Autoimmunity,F1(+/-),No,,
PLA2-Ib,PLA2-Ib,Infectious Diseases,F0,No,,
POSTN,"POSTN,PN,OSF2","Oncology,Cardiovascular,Inflammation and Autoimmunity",F0,No,,
PRLR,"PRLR,HPRL,MFAB","Oncology,Reproductive System Diseases",F1(+/-),No,61057443668665916268,0
PROK2,"PROK2,PK2,KAL4",Oncology,F0,No,,
PSCA,"PSCA,PRO232","Oncology,Others",F1(+/-),No,79955849275690916310,0
PSMA,"PSMA,FGCP,FOLH1","Oncology,Neuroscience",F1(+/-),No,06027288113026916542,2
PVRIG,"PVRIG,CD112R,C7orf15",Oncology,F1(+/-),No,84351555527387916507,0
PYY,"PYY1, PYY-I",Oncology,F0,No,,
QSOX1,"Q6, QSCN6","Oncology,Infectious Diseases",F0,No,,
RAGE,"RAGE, SCARJ1","Neuroscience,Inflammation and Autoimmunity,Oncology,Others,Urological Diseases,Cardiovascular,Metabolism,Infectious Diseases",F0,No,80171082550426916293,0
RANKL,"RANKL,OPGL,TNFSF11","Orthopaedic Disorders,Metabolism,Oncology",F0,No,97242359437971916719,1
RETN,"RETN,ADSF,RSTN",Oncology,F1(+/-),No,,
ROBO4,"ROBO4,AOVD3,ECSM4",Ophthalmology,F1(+/-),No,1310451640410575054,0
SCG3,SGIII,"Metabolism,Oncology",F0,No,1345983138974663414,0
Sclerostin,SOST,Orthopaedic Disorders,F0,No,32296005354379916552,1
SELPLG,SELPLG,Inflammation and Autoimmunity,F2(-/-),No,79714985011981916982,0
SERPINF2,"SERPINF2,AAP,API","Oncology,Others,Cardiovascular",F1(+/-),No,60141904510228916184,0
SEZ6,SEZ6,Oncology,F0,No,,
SEZ6L2,"BSRPA, PSK-1",Oncology,F0,No,,
SFRP2,"SFRP2,SARP1,SDF-5",Oncology,F0,No,,
Siglec-10,Siglec-10,Oncology,Antibody screening,No,27554931889835916868,0
SIGLEC15,Siglec-15,Oncology,In vivo efficacy,Yes,14970618143896916646,0
SIRPA,SIRPA,Oncology,In vitro,No,,
SLAMF7,"SLAMF7,CD319,CRACC",Oncology,F1(+/-),No,22836338213386916922,1
SLC7A11,Slc7a11,Oncology,Immunization,No,66147303301116916890,0
SLPI,"SLPI,ALP,MPI",Oncology,F1(+/-),No,,
SPARC,"SPARC,ONT,BM-40","Oncology,Inflammation and Autoimmunity,Infectious Diseases,Ophthalmology,Cardiovascular,Orthopaedic Disorders",F1(+/-),No,,
SPP1,"SPP1,OPN,BNSP","Oncology,Inflammation and Autoimmunity",F1(+/-),No,19865102961534916994,0
SRB1,"SRB1,CLA1,CD36L1","Infectious Diseases,Inflammation and Autoimmunity",F1(+/-),No,38108783603079916857,0
SSTR2,SSTR2,Oncology,F1(+/-),No,74133949430368916666,5
ST2,"ST2,IL1RL1,IL33R",Inflammation and Autoimmunity,Antibody screening,No,67568222935333916663,0
STEAP1,"STEAP,PRSS24,STEAP1",Oncology,F2(-/-),No,78580917798396916493,0
TEM1,"TEM1,CD164L1",Oncology,F1(+/-),No,94712087009016916949,0
TEM7R,TEM7R,Oncology,F0,No,,
TFF1,"TFF1,pS2,BCEI",Oncology,F1(+/-),No,,
TGFA,TFGA,Oncology,F0,No,32358420248340916348,0
TGM2,TGM2,"Infectious Diseases,Inflammation and Autoimmunity",F0,No,42005763161498916999,0
TIGIT,"TIGIT,VSIG9,VSTM3",Oncology,F2(-/-),No,39619912108046916857,0
TIM3,"TIM3,CD366",Oncology,Antibody screening,No,23518951860670916323,0
TLR2,TLR2,"Inflammation and Autoimmunity,Infectious Diseases,Gastrointestinal,Oncology",F1(+/-),No,59411491036480916669,1
TLR3,"TLR3,CD283,IIAE2","Infectious Diseases,Inflammation and Autoimmunity",F0,No,26567826078845916755,1
TLR4,TLR4,"Inflammation and Autoimmunity,Infectious Diseases,Gastrointestinal",F1(+/-),No,33327892025973916260,1
TNC,"TNC,HXB,GMEM",Oncology,F0,No,14431346138653916680,0
TNF,"TNF,TNFA,TNFSF2","Inflammation and Autoimmunity,Oncology,Infectious Diseases",F1(+/-),No,57906774692304916129,49
TNFR2,TNFR2,Oncology,In vitro,Yes,1310451640410575056,0
TNFRSF1A,"TNFRSF1A,TNFAR,TNFR1","Infectious Diseases,Inflammation and Autoimmunity",F2(-/-),No,1310451640410574975,0
TNFRSF25,"TNFRSF25,DDR3,TRAMP","Oncology,Inflammation and Autoimmunity",F1(+/-),No,1310451640410574908,0
TNFSF15,"TNFSF15,TL1,VEGI",Inflammation and Autoimmunity,F0,No,11305322132083916293,0
TPBG,"TPBG,5T4,WAIF1",Oncology,F1(+/-),No,67418836212031916937,0
TREM1,"TREM1,CD354,TREM-1","Oncology,Inflammation and Autoimmunity",F1(+/-),No,12591927799219916688,0
TREM2,"TREM2,PLOSL2","Neuroscience,Oncology,Gastrointestinal,Inflammation and Autoimmunity,Infectious Diseases",F1(+/-),No,50924734092959916363,0
TROP2,"TROP2,EGP1,GA733-1",Oncology,F1(+/-),No,56832495721391916472,1
TSLP,TSLP,"Oncology,Inflammation and Autoimmunity",F2(-/-),No,61504603393555916655,0
TSLPR,"CRL2,TSLPR,CRLF2Y",Inflammation and Autoimmunity,F1(+/-),No,,
TSPAN8,"TSPAN8,CO-029,TM4SF3",Oncology,F0,No,,
UPA,UPA,"Oncology,Cardiovascular,Others,Inflammation and Autoimmunity",F1(+/-),No,44773610624882916847,2
UPAR,"CD87,UPAR,PLAUR",Oncology,F2(-/-),No,1310451640410575072,0
VISTA,"B7H5,PD-1H,VISTA",Oncology,F0,No,35344266512392916242,0
VLDLR,"VLDLR,CAMRQ1,CARMQ1","Inflammation and Autoimmunity,Cardiovascular",F1(+/-),No,,
GPR55,"GPR55,LPIR1","Neuroscience,Oncology,Metabolism",F0,No,,
HPX,HPX,Cardiovascular,F0,No,,
CD21,"CD21,C3DR,CVID7",Oncology,F0,No,,
FCER1,FCER1,Inflammation and Autoimmunity,F0,No,14967180498304916194,0
LTBR,LTBR,Oncology,F0,No,46139033657595916324,0
MMP-13,MMP-13,"Oncology,Inflammation and Autoimmunity,Orthopaedic Disorders",F0,No,35474347623823916763,0
PLA2G5,"PLA2G5,FRFB,GV-PLA2","Inflammation and Autoimmunity,Infectious Diseases",F0,No,91884578070853916302,0
SLC2A12,SLC2A12,Oncology,F0,No,,
STEAP2,"STEAP2,STMP,IPCA1",Oncology,F0,No,,
TIMP4,TIMP4,Oncology,F0,No,,
TMEFF1,"TMEFF1,TR-1,H7365",Oncology,F0,No,,
WNT16B,WNT16B,Oncology,F0,No,,
AQP3,"AQP3,GIL,AQP-3",Gastrointestinal,F0,No,,
FSTL3,"FSTL3,FLRG,FSRP",Metabolism,F0,No,,
GIP,GIP,Metabolism,F0,No,17132840652923916516,0
IAPP,"IAPP,DAP,IAP",Metabolism,F0,No,19109079520415916126,0
KLB,"KLB,BKL","Metabolism,Urological Diseases",F0,No,56558359531879916691,0
LCAT,LCAT,Metabolism,F0,No,13649793197718916888,0
LIPG,"LIPG,EDL,PRO719",Cardiovascular,F0,No,,
MMP-28,MMP-28,Oncology,F0,No,,
KLRG1,KLRG1,"Oncology,Inflammation and Autoimmunity",F0,No,,
GLP2R,GLP2R,"Inflammation and Autoimmunity,Gastrointestinal",F0,No,28838111480985916336,0
GIPR,GIPR,Metabolism,F0,No,53491315939773916182,0
GPR132,GPR132,Cardiovascular,F0,No,,
PRNP,"PRNP,CJD,CD230","Neuroscience,Oncology,Infectious Diseases,Others",F0,No,,
CFP,"CFP,BFD,PFC","Cardiovascular,Inflammation and Autoimmunity,Ophthalmology,Others",F0,No,,
ADDL,"ADDL,ADDL,CPSQ3",Neuroscience,F0,No,,
BMP9,"BMP9,HHT5,BMP-9","Others,Infectious Diseases,Gastrointestinal",F0,No,,
CADM3,CADM3,Neuroscience,F0,No,,
FVIII,"FVIII,AHF,F8B","Others,Cardiovascular",F0,No,54117439525650916328,0
FXI,"FXI,FXI,PTA","Others,Cardiovascular",F0,No,23609084483340916105,0
FXIIa,"FXIIa,HAF,HAE3",Cardiovascular,F0,No,17872103512338916619,0
LOX1,"LOX1,SLOX1,CLEC8A","Cardiovascular,Metabolism,Ophthalmology",F0,No,,
LRG1,"LRG1,LRG,HMFT1766",Ophthalmology,F0,No,,
LTBP4,"LTBP4,ARCL1C,LTBP4L,",Orthopaedic Disorders,F0,No,,
MAG,"MAG,GMA,SIGLEC4A","Neuroscience,Cardiovascular",F0,No,28594114331257916635,0
MAPT,"MAPT,TAU,MSTD","Neuroscience,Others",F0,No,41296846660797916340,0
MDL-1,MDL-1,Infectious Diseases,F0,No,,
MEPE,"MEPE,OF45",Others,F0,No,,
NGAL,"NGAL,p25,MSFI",Others,F0,No,,
PAQR7,PAQR7,Reproductive System Diseases,F0,No,,
FSHR,FSHR,Oncology,F0,No,35415352843701916267,0
EPHA10,EPHA10,Oncology,F0,No,,
AMIGO2,"AMIGO2,ALI1,DEGA",Oncology,F0,No,,
CLEC1A,"CLEC1A,CLEC1,CLEC-1",Oncology,F0,No,,
NTS,"NTS,NN,NTS1",Oncology,F0,No,69414597293739916922,0
TSPAN33,TSPAN33,"Inflammation and Autoimmunity,Oncology",F0,No,,
F2RL3,F2RL3,Cardiovascular,F0,No,46325054421702916679,0
HRH3,"HRH3,HH3R,GPCR97",Others,F0,No,08612959838345916813,0
WISP1,"WISP1c,WISP1i,WISP1tc","Orthopaedic Disorders,Inflammation and Autoimmunity,Oncology,Cardiovascular,Infectious Diseases",F0,No,,
Nectin-2,"CD112,HVEB,VRR2",Oncology,F0,No,,
C2,"CO2,ARMD14","Neuroscience,Inflammation and Autoimmunity,Cardiovascular",F0,No,,
FAM3D,"EF7,OIT1",Oncology,F0,No,,
LAMP5,"UNC-46,BADLAMP,BAD-LAMP",Oncology,F0,No,,
LY6H,NMLY6,Oncology,F0,No,,
KLK5,"KLK-L2,KLKL2,SCTE","Inflammation and Autoimmunity,Gastrointestinal",F0,No,,
LILRB2,"ILT4,LIR2,CD85D",Oncology,F0,No,1306110757150130294,0
MFAP5,"AAT9,MP25,MAGP2",Oncology,F0,No,,
MXRA8,ASP3,"Infectious Diseases,Inflammation and Autoimmunity",F0,No,,
PGE2,"PTGER2,EP2","Inflammation and Autoimmunity,Others",F0,No,73625349455522916625,0
PLD4,C14orf175,Inflammation and Autoimmunity,F0,No,,
PTN,"HARP,HBBM,HBNF",Oncology,F0,No,,
TYRO3,"BYK,Dtk,RSE",Oncology,F0,No,45613598848396916835,0
XCR1,"GPR5,CCXCR1",Inflammation and Autoimmunity,F0,No,,
ADCY5,"AC5,FDFM",Cardiovascular,F0,No,,
ANGPTL3,"ANL3,ANG-5,FHBL2","Cardiovascular,Metabolism",F0,No,46200564162061916969,0
APOA1,"HPALP2,apo(a)",Others,F0,No,80718901901990916139,0
APOE4,"AD2,LPG,APO-E,",Neuroscience,F0,No,86320959224673916489,0
APOH,"BG,B2G1,B2GP1",Cardiovascular,F0,No,,
CHRDL1,"CHL,MGC1,MGCN","Urological Diseases,Metabolism",F0,No,,
gpIb,"GP1BA,CD42B,BDPLT3",Cardiovascular,F0,No,,
IGHE,IgE,Inflammation and Autoimmunity,F0,No,,
JAM-L,"JAML,AMICA,CREA7-1",Others,F0,No,,
MFAP4,,Cardiovascular,F0,No,,
MSR1,"SRA,SR-A,CD204","Neuroscience,Cardiovascular,Infectious Diseases,Metabolism",F0,No,,
NMU,,Metabolism,F0,No,,
NOGOR,"NGR,NOGOR","Neuroscience,Cardiovascular",F0,No,,
PEDF,"SERPINF1,EPC-1,PIG35",Others,F0,No,23424980469451916363,0
ps20,"PS20,WFDC1",Infectious Diseases,F0,No,,
RGMc,"JH,HFE2,RGMC",Cardiovascular,F0,No,38975496250688916833,0
SARP2,"FRP,FRP1,FrzA",Orthopaedic Disorders,F0,No,,
SCN11A,"NaN,PN5,FEPS3",Others,F0,No,,
SEMA7A,"JMH,CD108,SEMAL",Cardiovascular,F0,No,,
TIMP2,"DDC8,CSC-21K",Urological Diseases,F0,No,,
TMPRSS6,"MT2,IRIDA",Others,F0,No,62185216523349916698,0
TRPA1,"FEPS,FEPS1,ANKTM1","Neuroscience,Others",F0,No,04372631433286916356,0
TRPM4,"EKVP6,LTrpC4,PFHB1B",Others,F0,No,65895290201672916446,0
TRPM8,"TRPP8,LTRPC6,trp-p8",Metabolism,F0,No,73439139937425916197,0
HTRA1,"ARMD7,CADASIL2,CARASIL",Oncology,F0,No,,
IL17C,"CX2,IL-17C","Inflammation and Autoimmunity,Oncology",F0,No,,
LTA,"LT,TNFB,TNFSF1","Inflammation and Autoimmunity,Infectious Diseases",F0,No,07340745167804916871,15
TWEAKR,"FN14,CD266,TNFRSF12A","Oncology,Inflammation and Autoimmunity,Others",F0,No,16732673662894916205,0
GFRAL,"GRAL,UNQ9356,C6orf144","Oncology,Others",F0,No,,
CD86,"CD28LG2,B70,CD86",Oncology,F0,No,45565885477456916481,2
CHI3L1,"GP39,ASRT7,GP-39","Oncology,Inflammation and Autoimmunity,Metabolism,Cardiovascular",F0,No,,
TM4SF1,"L6,M3S1,TAAL6",Oncology,F0,No,,
CD10,"NEP,CMT2T,MME","Oncology,Inflammation and Autoimmunity",F0,No,55306105777820916458,2
EPHA4,"EK8,SEK,TYRO1","Oncology,Neuroscience",F0,No,,
MUC5AC,"TBM,leB,MUC5",Oncology,F0,No,45591376950483916714,0
5HT3AR,"HTR3,5HT3R,HTR3A","Neuroscience,Gastrointestinal",F0,No,,
CD1D,"R3,CD1A,R3G1","Oncology,Inflammation and Autoimmunity",F0,No,28720966962433916962,0
EAG1,"EAG,ZLS1,KCNH1",Oncology,F0,No,,
FGL2,"T49,pT49","Oncology,Ophthalmology,Infectious Diseases",F0,No,,
SEMA3A,"HH16,COLL1,SEMA1","Oncology,Neuroscience,Metabolism,Inflammation and Autoimmunity,Others",F0,No,,
TRAIL,"TNFSF10,APO2L,CD253","Oncology,Neuroscience",F0,No,68988277447533916981,0
ADAM28,"MDCL,MDC-L,eMDCII",Oncology,F0,No,,
ADAMTS5,"ADMP-2,ADAMTS11,ADAM-TS 5","Orthopaedic Disorders,Inflammation and Autoimmunity",F0,No,02778257761085916899,0
ADGRE1,"EMR1,TM7LN3",Oncology,F0,No,,
ANPEP,"CD13,P150,PEPN",Oncology,F0,No,54378224344795916833,0
APCDD1,"HHS,HTS,B7323",Oncology,F0,No,,
APO-1,"APT1,CD95,FAS",Inflammation and Autoimmunity,F0,No,96230684167935916760,0
CD164,"DFNA66,MGC-24,MUC-24",Oncology,F0,No,,
CLDN2,,"Inflammation and Autoimmunity,Oncology",F0,No,,
CLEC7A,"BGR,CD369,CANDF4",Inflammation and Autoimmunity,F0,No,11591946658430916604,0
c-MPL,"MPL,TPOR,CD110","Oncology,Others",F0,No,89376084804108916299,0
CMTM6,"CKLFSF6,PRO2219",Oncology,F0,No,,
CXCL16,"SRPSOX,CXCLG16,SR-PSOX","Inflammation and Autoimmunity,Gastrointestinal",F0,No,,
DSG3,"PVA,CDHF6",Oncology,F0,No,,
GPC2,,Oncology,F0,No,,
GPNMB,"NMB,HGFIN,PLCA3",Oncology,F0,No,91221202171014916636,0
GPR87,"GPR95,FKSG78,KPG_002",Oncology,F0,No,,
IGFBP2,"IBP2,IGF-BP53",Oncology,F0,No,1316252729571549402,0
IGFBP7,"FSTL2,IBP-7,MAC25",Oncology,F0,No,,
IGSF11,"CT119,VSIG3,Igsf13",Oncology,F0,No,,
IL19,"MDA1,ZMDA1,IL-10C","Oncology,Inflammation and Autoimmunity",F0,No,,
KCNK9,"KT3.2,K2p9.1,TASK-3",Oncology,F0,No,93333863177283916695,0
MCEMP1,C19orf59,Oncology,F0,No,,
MMP-17,"MT4MMP,MTMMP4,MT4-MMP","Neuroscience,Oncology,Infectious Diseases",F0,No,,
MMP-8,"HNC,CLG1,PMNL-CL",Inflammation and Autoimmunity,F0,No,38157218113824916588,0
NAPSA,"KAP,NAP1,NAPA",Oncology,F0,No,,
PYK2,"PTK2B,PTK,CAKB",Oncology,F0,No,82713767464728916547,0
RNASE4,"RAB1,RNS4",Oncology,F0,No,,
SCUBE2,"CEGB1,CEGF1,CEGP1",Oncology,F0,No,,
SLC2A4,GLUT4,"Oncology,Metabolism",F0,No,08186775381770916991,0
TLR5,"SLE1,TIL3,MELIOS",Oncology,F0,No,90779545993859916782,0
TLR6,CD286,Inflammation and Autoimmunity,F0,No,04592021346778916464,0
ACTH,"LPH,POMC,ACTH","Metabolism,Urological Diseases",F0,No,,
AGS-8,"AGS8,FNDC1,MEL4B3",Oncology,F0,No,,
APLNR,"APJ,APJR,HG11",Ophthalmology,F0,No,96180086591024916116,0
BK2R,"B2R,BK2,BDKRB2",Metabolism,F0,No,50701753056902916737,0
C6,,Neuroscience,F0,No,60288402716907916985,0
CD41,"GT,CD41,ITGA2B",Cardiovascular,F0,No,,
CD42,"GPIX,CD42a",Cardiovascular,F0,No,,
CD180,"LY64,Ly78,RP105",Infectious Diseases,F0,No,,
ERFE,"CTRP15,FAM132B,C1QTNF15",Cardiovascular,F0,No,,
FEEL-1,"FEX1,FEEL-1,STAB1",Oncology,F0,No,70193149438149916232,0
FSHB,HH24,Reproductive System Diseases,F0,No,,
LEP,"OB,OBS,LEPD",Metabolism,F0,No,,
PLA2G7,"PAFAD,PAFAH,LP-PLA2",Cardiovascular,F0,No,89431626687318916556,0
SELENOP,"SELP,SEPP,SEPP1",Metabolism,F0,No,,
TMPRSS2,PRSS10,Infectious Diseases,F0,No,,
TPA,"TPA,T-PA",Cardiovascular,F0,No,,
TSPAN12,"EVR5,NET2,TM4SF12",Ophthalmology,F0,No,,
TTR,"CTS,ATTR,CTS1","Neuroscience,Others",F0,No,39354177446689916360,0
UTS2R,"UTR,UTR2,GPR14",Neuroscience,F0,No,11302570459655916169,0